year,round,round_type,home_team,away_team,ground_condition,weather_condition,main_ref,fields_shifted,team,opponent,is_home,team_time_in_possession,team_all_runs,team_all_run_metres,team_post_contact_metres,team_line_breaks,team_tackle_breaks,team_offloads,team_kicks,team_kicking_metres,team_tackles_made,team_missed_tackles,team_errors,team_penalties_conceded,team_interchanges_used,team_completion_rate_pct,team_avg_play_ball_speed_s,team_kick_defusal_pct,team_effective_tackle_pct,team_tries,opp_time_in_possession,opp_all_runs,opp_all_run_metres,opp_post_contact_metres,opp_line_breaks,opp_tackle_breaks,opp_offloads,opp_kicks,opp_kicking_metres,opp_tackles_made,opp_missed_tackles,opp_errors,opp_penalties_conceded,opp_interchanges_used,opp_completion_rate_pct,opp_avg_play_ball_speed_s,opp_kick_defusal_pct,opp_effective_tackle_pct,opp_tries
2015,1,regular,Broncos,Rabbitohs,Good,Fine,Gerard Sutton,True,Broncos,Rabbitohs,True,09:22,127.0,1094.0,367.0,1.0,18.0,306.0,407.0,0.0,25.0,0.0,1.0,,,,3.49,77.0,90.74,1.0,14:41,196.0,1686.0,498.0,6.0,25.0,401.0,385.0,3.0,18.0,1.0,1.0,,,,3.43,100.0,90.0,5.0
2015,1,regular,Broncos,Rabbitohs,Good,Fine,Gerard Sutton,True,Rabbitohs,Broncos,False,14:41,196.0,1686.0,498.0,6.0,25.0,401.0,385.0,3.0,18.0,1.0,1.0,,,,3.43,100.0,90.0,5.0,09:22,127.0,1094.0,367.0,1.0,18.0,306.0,407.0,0.0,25.0,0.0,1.0,,,,3.49,77.0,90.74,1.0
2015,1,regular,Eels,Sea Eagles,Good,Fine,Matt Cecchin,True,Eels,Sea Eagles,True,15:35,152.0,1371.0,409.0,6.0,27.0,302.0,362.0,1.0,22.0,28.0,,,,,3.74,90.0,83.92,7.0,07:47,159.0,1158.0,338.0,3.0,22.0,334.0,353.0,3.0,27.0,14.0,,,,,3.57,75.0,87.03,2.0
2015,1,regular,Eels,Sea Eagles,Good,Fine,Matt Cecchin,True,Sea Eagles,Eels,False,07:47,159.0,1158.0,338.0,3.0,22.0,334.0,353.0,3.0,27.0,14.0,,,,,3.57,75.0,87.03,2.0,15:35,152.0,1371.0,409.0,6.0,27.0,302.0,362.0,1.0,22.0,28.0,,,,,3.74,90.0,83.92,7.0
2015,1,regular,Knights,Warriors,Good,Fine,Ashley Klein,False,Knights,Warriors,True,27:41,175.0,1753.0,521.0,6.0,30.0,11.0,21.0,497.0,5.0,353.0,14.0,10.0,,73.0,3.38,80.0,87.4,4.0,25:33,196.0,1731.0,489.0,8.0,37.0,10.0,21.0,483.0,3.0,330.0,21.0,8.0,,66.0,3.31,91.0,86.6,2.0
2015,1,regular,Knights,Warriors,Good,Fine,Ashley Klein,False,Warriors,Knights,False,25:33,196.0,1731.0,489.0,8.0,37.0,10.0,21.0,483.0,3.0,330.0,21.0,8.0,,66.0,3.31,91.0,86.6,2.0,27:41,175.0,1753.0,521.0,6.0,30.0,11.0,21.0,497.0,5.0,353.0,14.0,10.0,,73.0,3.38,80.0,87.4,4.0
2015,1,regular,Titans,Wests Tigers,Good,Fine,Adam Gee,False,Titans,Wests Tigers,True,20:24,168.0,1420.0,492.0,2.0,22.0,12.0,14.0,342.0,1.0,346.0,13.0,8.0,,64.0,3.66,100.0,89.4,3.0,22:06,165.0,1479.0,585.0,3.0,28.0,6.0,14.0,447.0,3.0,312.0,18.0,10.0,,72.0,3.62,50.0,88.6,3.0
2015,1,regular,Titans,Wests Tigers,Good,Fine,Adam Gee,False,Wests Tigers,Titans,False,22:06,165.0,1479.0,585.0,3.0,28.0,6.0,14.0,447.0,3.0,312.0,18.0,10.0,,72.0,3.62,50.0,88.6,3.0,20:24,168.0,1420.0,492.0,2.0,22.0,12.0,14.0,342.0,1.0,346.0,13.0,8.0,,64.0,3.66,100.0,89.4,3.0
2015,1,regular,Cowboys,Roosters,Good,Fine,Jared Maxwell,True,Cowboys,Roosters,True,13:26,193.0,1544.0,527.0,1.0,18.0,467.0,550.0,3.0,23.0,14.0,,,,,3.7,45.0,88.79,1.0,13:55,161.0,1528.0,479.0,5.0,23.0,352.0,457.0,0.0,18.0,13.0,,,,,3.43,64.0,91.97,5.0
2015,1,regular,Cowboys,Roosters,Good,Fine,Jared Maxwell,True,Roosters,Cowboys,False,13:55,161.0,1528.0,479.0,5.0,23.0,352.0,457.0,0.0,18.0,13.0,,,,,3.43,64.0,91.97,5.0,13:26,193.0,1544.0,527.0,1.0,18.0,467.0,550.0,3.0,23.0,14.0,,,,,3.7,45.0,88.79,1.0
2015,1,regular,Panthers,Bulldogs,Good,Fine,Ben Cummins,True,Panthers,Bulldogs,True,12:31,162.0,1497.0,436.0,5.0,30.0,353.0,536.0,0.0,31.0,1.0,0.0,,,,3.38,86.0,83.59,4.0,14:49,190.0,1561.0,526.0,6.0,31.0,386.0,492.0,1.0,30.0,2.0,1.0,,,,3.67,70.0,85.02,3.0
2015,1,regular,Panthers,Bulldogs,Good,Fine,Ben Cummins,True,Bulldogs,Panthers,False,14:49,190.0,1561.0,526.0,6.0,31.0,386.0,492.0,1.0,30.0,2.0,1.0,,,,3.67,70.0,85.02,3.0,12:31,162.0,1497.0,436.0,5.0,30.0,353.0,536.0,0.0,31.0,1.0,0.0,,,,3.38,86.0,83.59,4.0
2015,1,regular,Sharks,Raiders,Fair,,Alan Shortall,False,Sharks,Raiders,True,30:12,168.0,1574.0,572.0,3.0,20.0,17.0,14.0,384.0,16.0,14.0,1.0,,,66.0,3.47,67.0,90.7,3.0,16:15,156.0,1381.0,445.0,5.0,16.0,8.0,17.0,496.0,20.0,24.0,1.0,,,70.0,3.52,100.0,87.4,4.0
2015,1,regular,Sharks,Raiders,Fair,,Alan Shortall,False,Raiders,Sharks,False,16:15,156.0,1381.0,445.0,5.0,16.0,8.0,17.0,496.0,20.0,24.0,1.0,,,70.0,3.52,100.0,87.4,4.0,30:12,168.0,1574.0,572.0,3.0,20.0,17.0,14.0,384.0,16.0,14.0,1.0,,,66.0,3.47,67.0,90.7,3.0
2015,1,regular,Dragons,Storm,Good,Fine,Dave Munro,True,Dragons,Storm,True,15:15,211.0,1699.0,542.0,1.0,33.0,468.0,629.0,2.0,325.0,19.0,0.0,,,,3.81,89.0,91.04,1.0,13:50,170.0,1582.0,468.0,1.0,19.0,347.0,440.0,1.0,390.0,33.0,3.0,,,,3.77,83.0,87.84,2.0
2015,1,regular,Dragons,Storm,Good,Fine,Dave Munro,True,Storm,Dragons,False,13:50,170.0,1582.0,468.0,1.0,19.0,347.0,440.0,1.0,390.0,33.0,3.0,,,,3.77,83.0,87.84,2.0,15:15,211.0,1699.0,542.0,1.0,33.0,468.0,629.0,2.0,325.0,19.0,0.0,,,,3.81,89.0,91.04,1.0
2016,1,regular,Eels,Broncos,Good,Fine,Matt Cecchin,True,Eels,Broncos,True,28:12,168.0,1203.0,259.0,2.0,28.0,394.0,337.0,0.0,17.0,16.0,7.0,,,,3.03,62.0,91.52,1.0,28:25,159.0,1339.0,320.0,5.0,17.0,390.0,576.0,2.0,28.0,27.0,8.0,,,,3.9,71.0,84.51,3.0
2016,1,regular,Eels,Broncos,Good,Fine,Matt Cecchin,True,Broncos,Eels,False,28:25,159.0,1339.0,320.0,5.0,17.0,390.0,576.0,2.0,28.0,27.0,8.0,,,,3.9,71.0,84.51,3.0,28:12,168.0,1203.0,259.0,2.0,28.0,394.0,337.0,0.0,17.0,16.0,7.0,,,,3.03,62.0,91.52,1.0
2016,1,regular,Sea Eagles,Bulldogs,Good,Fine,Gerard Sutton,True,Sea Eagles,Bulldogs,True,27:58,164.0,1334.0,505.0,1.0,14.0,377.0,449.0,4.0,19.0,7.0,2.0,8.0,,,3.79,70.0,93.85,1.0,30:43,202.0,1645.0,572.0,3.0,19.0,426.0,584.0,0.0,14.0,13.0,0.0,7.0,,,3.67,100.0,92.42,5.0
2016,1,regular,Sea Eagles,Bulldogs,Good,Fine,Gerard Sutton,True,Bulldogs,Sea Eagles,False,30:43,202.0,1645.0,572.0,3.0,19.0,426.0,584.0,0.0,14.0,13.0,0.0,7.0,,,3.67,100.0,92.42,5.0,27:58,164.0,1334.0,505.0,1.0,14.0,377.0,449.0,4.0,19.0,7.0,2.0,8.0,,,3.79,70.0,93.85,1.0
2016,1,regular,Raiders,Panthers,Good,Fine,Dave Munro,True,Raiders,Panthers,True,23:07,170.0,1315.0,297.0,6.0,35.0,335.0,430.0,1.0,20.0,2.0,7.0,8.0,,,3.82,70.0,88.75,5.0,27:03,148.0,1334.0,320.0,4.0,20.0,357.0,349.0,1.0,36.0,0.0,11.0,8.0,,,3.62,100.0,84.82,3.0
2016,1,regular,Raiders,Panthers,Good,Fine,Dave Munro,True,Panthers,Raiders,False,27:03,148.0,1334.0,320.0,4.0,20.0,357.0,349.0,1.0,36.0,0.0,11.0,8.0,,,3.62,100.0,84.82,3.0,23:07,170.0,1315.0,297.0,6.0,35.0,335.0,430.0,1.0,20.0,2.0,7.0,8.0,,,3.82,70.0,88.75,5.0
2016,1,regular,Wests Tigers,Warriors,Good,Fine,Ashley Klein,False,Wests Tigers,Warriors,True,25:08,157.0,1429.0,361.0,5.0,32.0,8.0,14.0,356.0,290.0,24.0,10.0,9.0,,69.0,3.97,56.0,89.8,6.0,23:12,137.0,1320.0,299.0,5.0,24.0,5.0,15.0,353.0,311.0,32.0,9.0,8.0,,72.0,3.11,33.0,87.4,5.0
2016,1,regular,Wests Tigers,Warriors,Good,Fine,Ashley Klein,False,Warriors,Wests Tigers,False,23:12,137.0,1320.0,299.0,5.0,24.0,5.0,15.0,353.0,311.0,32.0,9.0,8.0,,72.0,3.11,33.0,87.4,5.0,25:08,157.0,1429.0,361.0,5.0,32.0,8.0,14.0,356.0,290.0,24.0,10.0,9.0,,69.0,3.97,56.0,89.8,6.0
2016,1,regular,Cowboys,Sharks,Good,Rain and Thunder,Belinda Sharpe,False,Cowboys,Sharks,True,25:41,163.0,1385.0,336.0,2.0,24.0,0.0,20.0,494.0,292.0,27.0,8.0,7.0,,75.0,3.81,83.0,89.0,3.0,24:41,161.0,1333.0,355.0,2.0,27.0,7.0,17.0,441.0,358.0,24.0,11.0,8.0,,74.0,3.77,92.0,93.7,2.0
2016,1,regular,Cowboys,Sharks,Good,Rain and Thunder,Belinda Sharpe,False,Sharks,Cowboys,False,24:41,161.0,1333.0,355.0,2.0,27.0,7.0,17.0,441.0,358.0,24.0,11.0,8.0,,74.0,3.77,92.0,93.7,2.0,25:41,163.0,1385.0,336.0,2.0,24.0,0.0,20.0,494.0,292.0,27.0,8.0,7.0,,75.0,3.81,83.0,89.0,3.0
2016,1,regular,Roosters,Rabbitohs,Good,Fine,Jared Maxwell,True,Roosters,Rabbitohs,True,26:25,150.0,1115.0,204.0,2.0,28.0,354.0,345.0,2.0,24.0,18.0,8.0,0.0,,,3.33,69.0,89.23,2.0,26:57,184.0,1604.0,354.0,7.0,24.0,403.0,531.0,2.0,28.0,10.0,8.0,3.0,,,3.33,88.0,89.39,8.0
2016,1,regular,Roosters,Rabbitohs,Good,Fine,Jared Maxwell,True,Rabbitohs,Roosters,False,26:57,184.0,1604.0,354.0,7.0,24.0,403.0,531.0,2.0,28.0,10.0,8.0,3.0,,,3.33,88.0,89.39,8.0,26:25,150.0,1115.0,204.0,2.0,28.0,354.0,345.0,2.0,24.0,18.0,8.0,0.0,,,3.33,69.0,89.23,2.0
2016,1,regular,Titans,Knights,Good,Partly Cloudy,Peter Gough,False,Titans,Knights,True,27:11,168.0,1310.0,317.0,2.0,19.0,11.0,20.0,507.0,24.0,3.0,0.0,7.0,,76.0,3.99,62.0,91.8,5.0,23:10,150.0,1162.0,246.0,2.0,23.0,4.0,14.0,362.0,19.0,15.0,1.0,8.0,,66.0,3.48,56.0,91.6,2.0
2016,1,regular,Titans,Knights,Good,Partly Cloudy,Peter Gough,False,Knights,Titans,False,23:10,150.0,1162.0,246.0,2.0,23.0,4.0,14.0,362.0,19.0,15.0,1.0,8.0,,66.0,3.48,56.0,91.6,2.0,27:11,168.0,1310.0,317.0,2.0,19.0,11.0,20.0,507.0,24.0,3.0,0.0,7.0,,76.0,3.99,62.0,91.8,5.0
2016,1,regular,Storm,Dragons,Good,Fine,Grant Atkins,True,Storm,Dragons,True,25:56,154.0,1242.0,290.0,5.0,21.0,380.0,483.0,2.0,20.0,0.0,4.0,8.0,,,3.67,75.0,91.86,3.0,29:08,168.0,1243.0,339.0,3.0,20.0,376.0,605.0,2.0,21.0,1.0,9.0,8.0,,,3.57,64.0,89.58,3.0
2016,1,regular,Storm,Dragons,Good,Fine,Grant Atkins,True,Dragons,Storm,False,29:08,168.0,1243.0,339.0,3.0,20.0,376.0,605.0,2.0,21.0,1.0,9.0,8.0,,,3.57,64.0,89.58,3.0,25:56,154.0,1242.0,290.0,5.0,21.0,380.0,483.0,2.0,20.0,0.0,4.0,8.0,,,3.67,75.0,91.86,3.0
2017,1,regular,Sharks,Broncos,Fair,Fine,Matt Cecchin,False,Sharks,Broncos,True,21:36,150.0,1380.0,413.0,3.0,27.0,9.0,14.0,337.0,351.0,39.0,10.0,8.0,,71.0,3.05,75.0,85.0,3.0,31:04,199.0,1722.0,528.0,4.0,39.0,16.0,21.0,477.0,283.0,27.0,5.0,7.0,,85.0,3.34,100.0,87.6,4.0
2017,1,regular,Sharks,Broncos,Fair,Fine,Matt Cecchin,False,Broncos,Sharks,False,31:04,199.0,1722.0,528.0,4.0,39.0,16.0,21.0,477.0,283.0,27.0,5.0,7.0,,85.0,3.34,100.0,87.6,4.0,21:36,150.0,1380.0,413.0,3.0,27.0,9.0,14.0,337.0,351.0,39.0,10.0,8.0,,71.0,3.05,75.0,85.0,3.0
2017,1,regular,Bulldogs,Storm,Good,Rain,Gerard Sutton,False,Bulldogs,Storm,True,29:22,188.0,1628.0,536.0,2.0,31.0,15.0,20.0,504.0,319.0,23.0,6.0,1.0,,73.0,3.26,55.0,90.9,1.0,26:02,165.0,1608.0,540.0,3.0,23.0,6.0,24.0,583.0,351.0,31.0,9.0,1.0,,76.0,3.64,86.0,87.3,2.0
2017,1,regular,Bulldogs,Storm,Good,Rain,Gerard Sutton,False,Storm,Bulldogs,False,26:02,165.0,1608.0,540.0,3.0,23.0,6.0,24.0,583.0,351.0,31.0,9.0,1.0,,76.0,3.64,86.0,87.3,2.0,29:22,188.0,1628.0,536.0,2.0,31.0,15.0,20.0,504.0,319.0,23.0,6.0,1.0,,73.0,3.26,55.0,90.9,1.0
2017,1,regular,Rabbitohs,Wests Tigers,Slippery,Rain,Ashley Klein,True,Rabbitohs,Wests Tigers,True,23:19,160.0,1432.0,396.0,4.0,34.0,352.0,637.0,1.0,42.0,26.0,7.0,1.0,,,3.22,80.0,82.25,4.0,26:18,161.0,1807.0,529.0,8.0,42.0,338.0,462.0,2.0,34.0,17.0,8.0,0.0,,,3.49,60.0,85.75,6.0
2017,1,regular,Rabbitohs,Wests Tigers,Slippery,Rain,Ashley Klein,True,Wests Tigers,Rabbitohs,False,26:18,161.0,1807.0,529.0,8.0,42.0,338.0,462.0,2.0,34.0,17.0,8.0,0.0,,,3.49,60.0,85.75,6.0,23:19,160.0,1432.0,396.0,4.0,34.0,352.0,637.0,1.0,42.0,26.0,7.0,1.0,,,3.22,80.0,82.25,4.0
2017,1,regular,Dragons,Panthers,Fair,Showers,Peter Gough,True,Dragons,Panthers,True,29:26,212.0,1980.0,617.0,6.0,47.0,431.0,438.0,3.0,13.0,3.0,4.0,8.0,,,3.23,100.0,91.13,7.0,20:46,147.0,1309.0,386.0,2.0,13.0,316.0,330.0,0.0,47.0,0.0,7.0,8.0,,,3.42,78.0,83.75,2.0
2017,1,regular,Dragons,Panthers,Fair,Showers,Peter Gough,True,Panthers,Dragons,False,20:46,147.0,1309.0,386.0,2.0,13.0,316.0,330.0,0.0,47.0,0.0,7.0,8.0,,,3.42,78.0,83.75,2.0,29:26,212.0,1980.0,617.0,6.0,47.0,431.0,438.0,3.0,13.0,3.0,4.0,8.0,,,3.23,100.0,91.13,7.0
2017,1,regular,Cowboys,Raiders,Fair,Rain and Thunder,Ben Cummins,True,Cowboys,Raiders,True,33:01,187.0,1850.0,595.0,3.0,39.0,417.0,378.0,2.0,40.0,1.0,4.0,0.0,,,3.7,67.0,80.19,4.0,20:20,141.0,1382.0,380.0,2.0,40.0,308.0,466.0,0.0,39.0,2.0,11.0,1.0,,,3.38,60.0,88.4,3.0
2017,1,regular,Cowboys,Raiders,Fair,Rain and Thunder,Ben Cummins,True,Raiders,Cowboys,False,20:20,141.0,1382.0,380.0,2.0,40.0,308.0,466.0,0.0,39.0,2.0,11.0,1.0,,,3.38,60.0,88.4,3.0,33:01,187.0,1850.0,595.0,3.0,39.0,417.0,378.0,2.0,40.0,1.0,4.0,0.0,,,3.7,67.0,80.19,4.0
2017,1,regular,Titans,Roosters,Good,Light Rain,Jon Stone,True,Titans,Roosters,True,26:09,161.0,1387.0,386.0,3.0,24.0,388.0,554.0,3.0,271.0,40.0,13.0,5.0,,,3.56,83.0,81.14,3.0,24:04,170.0,1598.0,438.0,6.0,40.0,370.0,320.0,1.0,313.0,24.0,11.0,8.0,,,3.36,64.0,91.52,6.0
2017,1,regular,Titans,Roosters,Good,Light Rain,Jon Stone,True,Roosters,Titans,False,24:04,170.0,1598.0,438.0,6.0,40.0,370.0,320.0,1.0,313.0,24.0,11.0,8.0,,,3.36,64.0,91.52,6.0,26:09,161.0,1387.0,386.0,3.0,24.0,388.0,554.0,3.0,271.0,40.0,13.0,5.0,,,3.56,83.0,81.14,3.0
2017,1,regular,Warriors,Knights,Fair,Fine,Dave Munro,False,Warriors,Knights,True,25:35,167.0,1680.0,481.0,8.0,24.0,4.0,20.0,430.0,6.0,309.0,14.0,11.0,2.0,76.0,3.64,73.0,90.4,5.0,25:35,172.0,1380.0,413.0,3.0,19.0,10.0,19.0,455.0,6.0,357.0,8.0,11.0,1.0,70.0,3.46,67.0,91.8,4.0
2017,1,regular,Warriors,Knights,Fair,Fine,Dave Munro,False,Knights,Warriors,False,25:35,172.0,1380.0,413.0,3.0,19.0,10.0,19.0,455.0,6.0,357.0,8.0,11.0,1.0,70.0,3.46,67.0,91.8,4.0,25:35,167.0,1680.0,481.0,8.0,24.0,4.0,20.0,430.0,6.0,309.0,14.0,11.0,2.0,76.0,3.64,73.0,90.4,5.0
2017,1,regular,Sea Eagles,Eels,Good,Partly Cloudy,Grant Atkins,True,Sea Eagles,Eels,True,18:55,128.0,1203.0,335.0,3.0,24.0,294.0,330.0,1.0,356.0,39.0,7.0,8.0,,,3.45,84.0,85.17,2.0,31:28,208.0,1738.0,504.0,4.0,39.0,460.0,457.0,5.0,257.0,24.0,5.0,8.0,,,3.94,100.0,86.82,3.0
2017,1,regular,Sea Eagles,Eels,Good,Partly Cloudy,Grant Atkins,True,Eels,Sea Eagles,False,31:28,208.0,1738.0,504.0,4.0,39.0,460.0,457.0,5.0,257.0,24.0,5.0,8.0,,,3.94,100.0,86.82,3.0,18:55,128.0,1203.0,335.0,3.0,24.0,294.0,330.0,1.0,356.0,39.0,7.0,8.0,,,3.45,84.0,85.17,2.0
2018,1,regular,Dragons,Broncos,Good,,Matt Cecchin,False,Dragons,Broncos,True,27:43,168.0,1627.0,522.0,5.0,35.0,9.0,17.0,480.0,240.0,16.0,10.0,7.0,,70.0,3.76,40.0,88.89,5.0,20:37,130.0,1085.0,355.0,2.0,16.0,9.0,14.0,384.0,339.0,35.0,13.0,9.0,,63.0,3.6,67.0,87.15,2.0
2018,1,regular,Dragons,Broncos,Good,,Matt Cecchin,False,Broncos,Dragons,False,20:37,130.0,1085.0,355.0,2.0,16.0,9.0,14.0,384.0,339.0,35.0,13.0,9.0,,63.0,3.6,67.0,87.15,2.0,27:43,168.0,1627.0,522.0,5.0,35.0,9.0,17.0,480.0,240.0,16.0,10.0,7.0,,70.0,3.76,40.0,88.89,5.0
2018,1,regular,Knights,Sea Eagles,Good,Partly Cloudy,Adam Gee,True,Knights,Sea Eagles,True,33:33,192.0,1435.0,361.0,3.0,41.0,457.0,540.0,2.0,35.0,27.0,10.0,,,,3.44,73.0,84.65,3.0,33:10,178.0,1657.0,473.0,4.0,35.0,403.0,285.0,2.0,41.0,5.0,10.0,,,,3.56,69.0,88.83,3.0
2018,1,regular,Knights,Sea Eagles,Good,Partly Cloudy,Adam Gee,True,Sea Eagles,Knights,False,33:10,178.0,1657.0,473.0,4.0,35.0,403.0,285.0,2.0,41.0,5.0,10.0,,,,3.56,69.0,88.83,3.0,33:33,192.0,1435.0,361.0,3.0,41.0,457.0,540.0,2.0,35.0,27.0,10.0,,,,3.44,73.0,84.65,3.0
2018,1,regular,Cowboys,Sharks,Good,Partly Cloudy,Gerard Sutton,True,Cowboys,Sharks,True,29:10,165.0,1356.0,435.0,3.0,37.0,407.0,253.0,1.0,19.0,0.0,6.0,7.0,,,3.63,88.0,87.86,4.0,23:50,134.0,1152.0,357.0,1.0,19.0,306.0,293.0,0.0,37.0,2.0,10.0,6.0,,,3.46,55.0,86.6,2.0
2018,1,regular,Cowboys,Sharks,Good,Partly Cloudy,Gerard Sutton,True,Sharks,Cowboys,False,23:50,134.0,1152.0,357.0,1.0,19.0,306.0,293.0,0.0,37.0,2.0,10.0,6.0,,,3.46,55.0,86.6,2.0,29:10,165.0,1356.0,435.0,3.0,37.0,407.0,253.0,1.0,19.0,0.0,6.0,7.0,,,3.63,88.0,87.86,4.0
2018,1,regular,Wests Tigers,Roosters,Good,Partly Cloudy,Peter Gough,True,Wests Tigers,Roosters,True,28:47,181.0,1607.0,462.0,3.0,20.0,410.0,565.0,3.0,337.0,21.0,6.0,1.0,,,3.37,70.0,89.87,1.0,27:34,172.0,1434.0,477.0,3.0,21.0,380.0,546.0,2.0,339.0,20.0,9.0,0.0,,,3.3,90.0,86.04,1.0
2018,1,regular,Wests Tigers,Roosters,Good,Partly Cloudy,Peter Gough,True,Roosters,Wests Tigers,False,27:34,172.0,1434.0,477.0,3.0,21.0,380.0,546.0,2.0,339.0,20.0,9.0,0.0,,,3.3,90.0,86.04,1.0,28:47,181.0,1607.0,462.0,3.0,20.0,410.0,565.0,3.0,337.0,21.0,6.0,1.0,,,3.37,70.0,89.87,1.0
2018,1,regular,Rabbitohs,Warriors,Good,Partly Cloudy,Grant Atkins,True,Rabbitohs,Warriors,True,28:31,159.0,1560.0,477.0,8.0,43.0,365.0,233.0,1.0,324.0,33.0,7.0,0.0,,,3.6,89.0,86.4,4.0,29:02,163.0,1599.0,556.0,7.0,34.0,344.0,409.0,1.0,279.0,44.0,11.0,1.0,,,3.69,62.0,85.58,6.0
2018,1,regular,Rabbitohs,Warriors,Good,Partly Cloudy,Grant Atkins,True,Warriors,Rabbitohs,False,29:02,163.0,1599.0,556.0,7.0,34.0,344.0,409.0,1.0,279.0,44.0,11.0,1.0,,,3.69,62.0,85.58,6.0,28:31,159.0,1560.0,477.0,8.0,43.0,365.0,233.0,1.0,324.0,33.0,7.0,0.0,,,3.6,89.0,86.4,4.0
2018,1,regular,Bulldogs,Storm,Good,Partly Cloudy,Ben Cummins,True,Bulldogs,Storm,True,26:51,156.0,1438.0,434.0,3.0,27.0,367.0,312.0,1.0,24.0,18.0,7.0,,,,4.01,50.0,87.39,3.0,28:20,158.0,1628.0,515.0,4.0,24.0,352.0,302.0,2.0,27.0,23.0,8.0,,,,3.95,73.0,85.75,6.0
2018,1,regular,Bulldogs,Storm,Good,Partly Cloudy,Ben Cummins,True,Storm,Bulldogs,False,28:20,158.0,1628.0,515.0,4.0,24.0,352.0,302.0,2.0,27.0,23.0,8.0,,,,3.95,73.0,85.75,6.0,26:51,156.0,1438.0,434.0,3.0,27.0,367.0,312.0,1.0,24.0,18.0,7.0,,,,4.01,50.0,87.39,3.0
2018,1,regular,Panthers,Eels,Good,Fine,Ashley Klein,True,Panthers,Eels,True,26:19,154.0,1593.0,533.0,5.0,41.0,363.0,416.0,0.0,34.0,6.0,0.0,6.0,,,3.38,50.0,89.45,3.0,27:49,160.0,1409.0,477.0,5.0,34.0,356.0,414.0,1.0,41.0,12.0,1.0,8.0,,,3.66,79.0,85.6,3.0
2018,1,regular,Panthers,Eels,Good,Fine,Ashley Klein,True,Eels,Panthers,False,27:49,160.0,1409.0,477.0,5.0,34.0,356.0,414.0,1.0,41.0,12.0,1.0,8.0,,,3.66,79.0,85.6,3.0,26:19,154.0,1593.0,533.0,5.0,41.0,363.0,416.0,0.0,34.0,6.0,0.0,6.0,,,3.38,50.0,89.45,3.0
2018,1,regular,Titans,Raiders,Good,Light Rain,Dave Munro,True,Titans,Raiders,True,31:31,170.0,1576.0,584.0,3.0,36.0,417.0,381.0,2.0,46.0,6.0,9.0,1.0,,,4.11,57.0,82.37,5.0,21:06,125.0,1229.0,439.0,6.0,46.0,267.0,404.0,0.0,36.0,23.0,9.0,1.0,,,3.97,77.0,85.21,5.0
2018,1,regular,Titans,Raiders,Good,Light Rain,Dave Munro,True,Raiders,Titans,False,21:06,125.0,1229.0,439.0,6.0,46.0,267.0,404.0,0.0,36.0,23.0,9.0,1.0,,,3.97,77.0,85.21,5.0,31:31,170.0,1576.0,584.0,3.0,36.0,417.0,381.0,2.0,46.0,6.0,9.0,1.0,,,4.11,57.0,82.37,5.0
2019,1,regular,Storm,Broncos,Good,Partly Cloudy,Gerard Sutton,False,Storm,Broncos,True,32:16,218.0,1960.0,484.0,4.0,39.0,11.0,29.0,761.0,351.0,34.0,8.0,5.0,,84.0,3.59,100.0,87.75,4.0,27:42,182.0,1568.0,383.0,1.0,34.0,9.0,23.0,756.0,400.0,39.0,8.0,4.0,,78.0,3.6,83.0,86.58,2.0
2019,1,regular,Storm,Broncos,Good,Partly Cloudy,Gerard Sutton,False,Broncos,Storm,False,27:42,182.0,1568.0,383.0,1.0,34.0,9.0,23.0,756.0,400.0,39.0,8.0,4.0,,78.0,3.6,83.0,86.58,2.0,32:16,218.0,1960.0,484.0,4.0,39.0,11.0,29.0,761.0,351.0,34.0,8.0,5.0,,84.0,3.59,100.0,87.75,4.0
2019,1,regular,Knights,Sharks,Good,Partly Cloudy,Peter Gough,False,Knights,Sharks,True,29:12,178.0,1644.0,552.0,1.0,22.0,5.0,18.0,459.0,296.0,32.0,8.0,8.0,,79.0,3.84,86.0,85.3,2.0,26:24,162.0,1471.0,480.0,4.0,32.0,9.0,16.0,464.0,360.0,22.0,13.0,9.0,,60.0,3.87,60.0,92.54,1.0
2019,1,regular,Knights,Sharks,Good,Partly Cloudy,Peter Gough,False,Sharks,Knights,False,26:24,162.0,1471.0,480.0,4.0,32.0,9.0,16.0,464.0,360.0,22.0,13.0,9.0,,60.0,3.87,60.0,92.54,1.0,29:12,178.0,1644.0,552.0,1.0,22.0,5.0,18.0,459.0,296.0,32.0,8.0,8.0,,79.0,3.84,86.0,85.3,2.0
2019,1,regular,Roosters,Rabbitohs,Fair,Light Rain,Grant Atkins,False,Roosters,Rabbitohs,True,20:42,139.0,1278.0,419.0,5.0,21.0,10.0,15.0,469.0,381.0,27.0,6.0,8.0,,63.0,3.61,77.0,91.37,3.0,26:42,190.0,1631.0,552.0,2.0,27.0,7.0,24.0,489.0,270.0,21.0,3.0,6.0,,76.0,3.72,75.0,88.52,5.0
2019,1,regular,Roosters,Rabbitohs,Fair,Light Rain,Grant Atkins,False,Rabbitohs,Roosters,False,26:42,190.0,1631.0,552.0,2.0,27.0,7.0,24.0,489.0,270.0,21.0,3.0,6.0,,76.0,3.72,75.0,88.52,5.0,20:42,139.0,1278.0,419.0,5.0,21.0,10.0,15.0,469.0,381.0,27.0,6.0,8.0,,63.0,3.61,77.0,91.37,3.0
2019,1,regular,Warriors,Bulldogs,Good,Partly Cloudy,Jon Stone,False,Warriors,Bulldogs,True,31:00,201.0,1952.0,551.0,6.0,38.0,12.0,25.0,693.0,329.0,13.0,8.0,2.0,,80.0,3.31,83.0,91.39,7.0,26:07,165.0,1498.0,431.0,1.0,13.0,14.0,25.0,688.0,365.0,38.0,5.0,3.0,,87.0,3.62,71.0,86.9,1.0
2019,1,regular,Warriors,Bulldogs,Good,Partly Cloudy,Jon Stone,False,Bulldogs,Warriors,False,26:07,165.0,1498.0,431.0,1.0,13.0,14.0,25.0,688.0,365.0,38.0,5.0,3.0,,87.0,3.62,71.0,86.9,1.0,31:00,201.0,1952.0,551.0,6.0,38.0,12.0,25.0,693.0,329.0,13.0,8.0,2.0,,80.0,3.31,83.0,91.39,7.0
2019,1,regular,Wests Tigers,Sea Eagles,Good,Rain,Adam Gee,False,Wests Tigers,Sea Eagles,True,29:44,197.0,1740.0,506.0,3.0,23.0,13.0,27.0,517.0,327.0,21.0,6.0,0.0,,71.0,3.33,86.0,89.84,3.0,24:27,157.0,1352.0,446.0,2.0,21.0,10.0,17.0,487.0,330.0,23.0,9.0,1.0,,68.0,3.3,86.0,88.24,1.0
2019,1,regular,Wests Tigers,Sea Eagles,Good,Rain,Adam Gee,False,Sea Eagles,Wests Tigers,False,24:27,157.0,1352.0,446.0,2.0,21.0,10.0,17.0,487.0,330.0,23.0,9.0,1.0,,68.0,3.3,86.0,88.24,1.0,29:44,197.0,1740.0,506.0,3.0,23.0,13.0,27.0,517.0,327.0,21.0,6.0,0.0,,71.0,3.33,86.0,89.84,3.0
2019,1,regular,Cowboys,Dragons,Good,Partly Cloudy,Ben Cummins,False,Cowboys,Dragons,True,27:48,196.0,1671.0,494.0,5.0,26.0,9.0,25.0,658.0,6.0,318.0,8.0,5.0,,79.0,3.11,83.0,87.85,5.0,25:35,166.0,1443.0,465.0,3.0,36.0,6.0,23.0,608.0,4.0,387.0,13.0,5.0,,73.0,3.2,73.0,90.21,2.0
2019,1,regular,Cowboys,Dragons,Good,Partly Cloudy,Ben Cummins,False,Dragons,Cowboys,False,25:35,166.0,1443.0,465.0,3.0,36.0,6.0,23.0,608.0,4.0,387.0,13.0,5.0,,73.0,3.2,73.0,90.21,2.0,27:48,196.0,1671.0,494.0,5.0,26.0,9.0,25.0,658.0,6.0,318.0,8.0,5.0,,79.0,3.11,83.0,87.85,5.0
2019,1,regular,Panthers,Eels,Slippery,Light Rain,Ashley Klein,False,Panthers,Eels,True,22:51,144.0,1189.0,376.0,2.0,30.0,9.0,20.0,505.0,404.0,28.0,10.0,0.0,,62.0,3.15,45.0,88.02,2.0,31:55,196.0,1558.0,515.0,3.0,28.0,14.0,21.0,555.0,281.0,30.0,2.0,1.0,,69.0,3.67,80.0,87.54,4.0
2019,1,regular,Panthers,Eels,Slippery,Light Rain,Ashley Klein,False,Eels,Panthers,False,31:55,196.0,1558.0,515.0,3.0,28.0,14.0,21.0,555.0,281.0,30.0,2.0,1.0,,69.0,3.67,80.0,87.54,4.0,22:51,144.0,1189.0,376.0,2.0,30.0,9.0,20.0,505.0,404.0,28.0,10.0,0.0,,62.0,3.15,45.0,88.02,2.0
2019,1,regular,Titans,Raiders,Slippery,Rain,Dave Munro,False,Titans,Raiders,True,23:24,145.0,1140.0,333.0,1.0,27.0,9.0,21.0,458.0,341.0,26.0,11.0,8.0,,63.0,3.55,80.0,89.03,0.0,27:02,158.0,1365.0,425.0,1.0,26.0,8.0,23.0,740.0,294.0,27.0,6.0,7.0,,73.0,3.8,59.0,87.76,3.0
2019,1,regular,Titans,Raiders,Slippery,Rain,Dave Munro,False,Raiders,Titans,False,27:02,158.0,1365.0,425.0,1.0,26.0,8.0,23.0,740.0,294.0,27.0,6.0,7.0,,73.0,3.8,59.0,87.76,3.0,23:24,145.0,1140.0,333.0,1.0,27.0,9.0,21.0,458.0,341.0,26.0,11.0,8.0,,63.0,3.55,80.0,89.03,0.0
2021,1,regular,Storm,Rabbitohs,Good,,Grant Atkins,False,Storm,Rabbitohs,True,28:11,169.0,1430.0,433.0,5.0,22.0,4.0,21.0,548.0,34.0,2.0,2.0,4.0,1.0,78.0,3.66,100.0,85.2,4.0,21:55,173.0,1330.0,406.0,3.0,34.0,10.0,15.0,492.0,22.0,1.0,3.0,3.0,1.0,62.0,3.57,64.0,91.6,3.0
2021,1,regular,Storm,Rabbitohs,Good,,Grant Atkins,False,Rabbitohs,Storm,False,21:55,173.0,1330.0,406.0,3.0,34.0,10.0,15.0,492.0,22.0,1.0,3.0,3.0,1.0,62.0,3.57,64.0,91.6,3.0,28:11,169.0,1430.0,433.0,5.0,22.0,4.0,21.0,548.0,34.0,2.0,2.0,4.0,1.0,78.0,3.66,100.0,85.2,4.0
2021,1,regular,Knights,Bulldogs,Good,,Ben Cummins,False,Knights,Bulldogs,True,29:30,188.0,1721.0,619.0,7.0,30.0,17.0,19.0,594.0,306.0,19.0,0.0,3.0,1.0,83.0,3.46,44.0,92.73,5.0,23:15,146.0,1371.0,472.0,4.0,19.0,2.0,20.0,691.0,332.0,30.0,5.0,4.0,1.0,72.0,3.05,80.0,85.57,3.0
2021,1,regular,Knights,Bulldogs,Good,,Ben Cummins,False,Bulldogs,Knights,False,23:15,146.0,1371.0,472.0,4.0,19.0,2.0,20.0,691.0,332.0,30.0,5.0,4.0,1.0,72.0,3.05,80.0,85.57,3.0,29:30,188.0,1721.0,619.0,7.0,30.0,17.0,19.0,594.0,306.0,19.0,0.0,3.0,1.0,83.0,3.46,44.0,92.73,5.0
2021,1,regular,Broncos,Eels,Fair,,Adam Gee,False,Broncos,Eels,True,28:01,186.0,1660.0,587.0,5.0,23.0,14.0,25.0,754.0,347.0,38.0,3.0,2.0,,84.0,3.41,53.0,84.84,3.0,28:39,189.0,1914.0,618.0,5.0,38.0,18.0,20.0,527.0,364.0,23.0,1.0,1.0,,73.0,3.55,50.0,88.78,4.0
2021,1,regular,Broncos,Eels,Fair,,Adam Gee,False,Eels,Broncos,False,28:39,189.0,1914.0,618.0,5.0,38.0,18.0,20.0,527.0,364.0,23.0,1.0,1.0,,73.0,3.55,50.0,88.78,4.0,28:01,186.0,1660.0,587.0,5.0,23.0,14.0,25.0,754.0,347.0,38.0,3.0,2.0,,84.0,3.41,53.0,84.84,3.0
2021,1,regular,Warriors,Titans,Good,,Ashley Klein,False,Warriors,Titans,True,29:14,179.0,1604.0,655.0,3.0,25.0,14.0,23.0,553.0,334.0,24.0,4.0,6.0,8.0,90.0,3.51,80.0,87.89,3.0,29:16,194.0,1759.0,581.0,4.0,24.0,13.0,26.0,545.0,347.0,25.0,6.0,4.0,8.0,78.0,3.35,90.0,88.07,1.0
2021,1,regular,Warriors,Titans,Good,,Ashley Klein,False,Titans,Warriors,False,29:16,194.0,1759.0,581.0,4.0,24.0,13.0,26.0,545.0,347.0,25.0,6.0,4.0,8.0,78.0,3.35,90.0,88.07,1.0,29:14,179.0,1604.0,655.0,3.0,25.0,14.0,23.0,553.0,334.0,24.0,4.0,6.0,8.0,90.0,3.51,80.0,87.89,3.0
2021,1,regular,Roosters,Sea Eagles,Good,,Chris Sutton,False,Roosters,Sea Eagles,True,29:19,204.0,2079.0,685.0,7.0,39.0,8.0,22.0,600.0,324.0,18.0,13.0,4.0,1.0,75.0,3.2,60.0,90.76,9.0,23:52,160.0,1359.0,558.0,1.0,18.0,8.0,17.0,542.0,326.0,39.0,14.0,1.0,0.0,68.0,3.64,60.0,84.9,1.0
2021,1,regular,Roosters,Sea Eagles,Good,,Chris Sutton,False,Sea Eagles,Roosters,False,23:52,160.0,1359.0,558.0,1.0,18.0,8.0,17.0,542.0,326.0,39.0,14.0,1.0,0.0,68.0,3.64,60.0,84.9,1.0,29:19,204.0,2079.0,685.0,7.0,39.0,8.0,22.0,600.0,324.0,18.0,13.0,4.0,1.0,75.0,3.2,60.0,90.76,9.0
2021,1,regular,Panthers,Cowboys,Good,,Matt Cecchin,False,Panthers,Cowboys,True,31:54,218.0,1956.0,726.0,7.0,42.0,7.0,21.0,508.0,4.0,302.0,17.0,3.0,6.0,67.0,3.34,50.0,92.64,4.0,22:10,143.0,1302.0,584.0,1.0,16.0,5.0,14.0,366.0,5.0,383.0,18.0,7.0,8.0,59.0,3.51,55.0,87.64,0.0
2021,1,regular,Panthers,Cowboys,Good,,Matt Cecchin,False,Cowboys,Panthers,False,22:10,143.0,1302.0,584.0,1.0,16.0,5.0,14.0,366.0,5.0,383.0,18.0,7.0,8.0,59.0,3.51,55.0,87.64,0.0,31:54,218.0,1956.0,726.0,7.0,42.0,7.0,21.0,508.0,4.0,302.0,17.0,3.0,6.0,67.0,3.34,50.0,92.64,4.0
2021,1,regular,Raiders,Wests Tigers,Fair,Fine,Gerard Sutton,False,Raiders,Wests Tigers,True,27:32,154.0,1439.0,569.0,5.0,35.0,6.0,17.0,472.0,308.0,29.0,14.0,5.0,6.0,67.0,3.86,100.0,86.52,4.0,26:52,172.0,1349.0,551.0,3.0,29.0,13.0,15.0,380.0,348.0,35.0,13.0,6.0,6.0,76.0,3.93,55.0,88.1,2.0
2021,1,regular,Raiders,Wests Tigers,Fair,Fine,Gerard Sutton,False,Wests Tigers,Raiders,False,26:52,172.0,1349.0,551.0,3.0,29.0,13.0,15.0,380.0,348.0,35.0,13.0,6.0,6.0,76.0,3.93,55.0,88.1,2.0,27:32,154.0,1439.0,569.0,5.0,35.0,6.0,17.0,472.0,308.0,29.0,14.0,5.0,6.0,67.0,3.86,100.0,86.52,4.0
2021,1,regular,Dragons,Sharks,Slippery,,Peter Gough,False,Dragons,Sharks,True,23:54,159.0,1530.0,560.0,1.0,34.0,9.0,18.0,442.0,398.0,42.0,3.0,0.0,7.0,70.0,3.74,40.0,89.24,3.0,30:02,181.0,1550.0,658.0,2.0,42.0,4.0,28.0,811.0,267.0,34.0,1.0,3.0,8.0,87.0,3.97,73.0,84.76,5.0
2021,1,regular,Dragons,Sharks,Slippery,,Peter Gough,False,Sharks,Dragons,False,30:02,181.0,1550.0,658.0,2.0,42.0,4.0,28.0,811.0,267.0,34.0,1.0,3.0,8.0,87.0,3.97,73.0,84.76,5.0,23:54,159.0,1530.0,560.0,1.0,34.0,9.0,18.0,442.0,398.0,42.0,3.0,0.0,7.0,70.0,3.74,40.0,89.24,3.0
2022,1,regular,Panthers,Sea Eagles,Good,Fine,Adam Gee,False,Panthers,Sea Eagles,True,33:22,218.0,2084.0,803.0,6.0,44.0,12.0,22.0,538.0,337.0,26.0,7.0,2.0,8.0,86.0,3.59,43.0,90.84,5.0,25:50,179.0,1379.0,501.0,1.0,26.0,6.0,22.0,740.0,384.0,44.0,4.0,5.0,8.0,82.0,3.95,80.0,86.49,1.0
2022,1,regular,Panthers,Sea Eagles,Good,Fine,Adam Gee,False,Sea Eagles,Panthers,False,25:50,179.0,1379.0,501.0,1.0,26.0,6.0,22.0,740.0,384.0,44.0,4.0,5.0,8.0,82.0,3.95,80.0,86.49,1.0,33:22,218.0,2084.0,803.0,6.0,44.0,12.0,22.0,538.0,337.0,26.0,7.0,2.0,8.0,86.0,3.59,43.0,90.84,5.0
2022,1,regular,Raiders,Sharks,Good,Fine,Ben Cummins,False,Raiders,Sharks,True,27:48,206.0,1429.0,425.0,3.0,44.0,23.0,14.0,377.0,298.0,29.0,13.0,5.0,0.0,70.0,3.67,57.0,85.39,4.0,24:26,161.0,1296.0,376.0,4.0,29.0,12.0,14.0,340.0,327.0,44.0,12.0,7.0,1.0,67.0,3.56,30.0,80.54,3.0
2022,1,regular,Raiders,Sharks,Good,Fine,Ben Cummins,False,Sharks,Raiders,False,24:26,161.0,1296.0,376.0,4.0,29.0,12.0,14.0,340.0,327.0,44.0,12.0,7.0,1.0,67.0,3.56,30.0,80.54,3.0,27:48,206.0,1429.0,425.0,3.0,44.0,23.0,14.0,377.0,298.0,29.0,13.0,5.0,0.0,70.0,3.67,57.0,85.39,4.0
2022,1,regular,Broncos,Rabbitohs,Good,Fine,Ashley Klein,False,Broncos,Rabbitohs,True,29:23,180.0,1632.0,536.0,2.0,24.0,12.0,24.0,666.0,19.0,2.0,5.0,4.0,7.0,83.0,3.63,100.0,91.24,2.0,27:08,191.0,1580.0,546.0,2.0,19.0,9.0,15.0,416.0,24.0,0.0,7.0,1.0,8.0,66.0,3.78,55.0,89.36,1.0
2022,1,regular,Broncos,Rabbitohs,Good,Fine,Ashley Klein,False,Rabbitohs,Broncos,False,27:08,191.0,1580.0,546.0,2.0,19.0,9.0,15.0,416.0,24.0,0.0,7.0,1.0,8.0,66.0,3.78,55.0,89.36,1.0,29:23,180.0,1632.0,536.0,2.0,24.0,12.0,24.0,666.0,19.0,2.0,5.0,4.0,7.0,83.0,3.63,100.0,91.24,2.0
2022,1,regular,Roosters,Knights,Good,Fine,Gerard Sutton,False,Roosters,Knights,True,26:27,171.0,1418.0,558.0,0.0,13.0,5.0,19.0,505.0,392.0,35.0,12.0,7.0,2.0,66.0,3.51,78.0,88.09,1.0,31:00,199.0,1802.0,733.0,7.0,35.0,12.0,22.0,600.0,329.0,13.0,11.0,7.0,0.0,76.0,4.13,82.0,92.94,4.0
2022,1,regular,Roosters,Knights,Good,Fine,Gerard Sutton,False,Knights,Roosters,False,31:00,199.0,1802.0,733.0,7.0,35.0,12.0,22.0,600.0,329.0,13.0,11.0,7.0,0.0,76.0,4.13,82.0,92.94,4.0,26:27,171.0,1418.0,558.0,0.0,13.0,5.0,19.0,505.0,392.0,35.0,12.0,7.0,2.0,66.0,3.51,78.0,88.09,1.0
2022,1,regular,Warriors,Dragons,Good,Fine,Peter Gough,False,Warriors,Dragons,True,22:38,147.0,1298.0,522.0,4.0,23.0,9.0,17.0,543.0,359.0,35.0,8.0,2.0,0.0,69.0,3.5,90.0,89.53,3.0,27:11,180.0,1652.0,663.0,6.0,35.0,4.0,16.0,399.0,257.0,23.0,4.0,3.0,1.0,78.0,4.13,67.0,86.82,5.0
2022,1,regular,Warriors,Dragons,Good,Fine,Peter Gough,False,Dragons,Warriors,False,27:11,180.0,1652.0,663.0,6.0,35.0,4.0,16.0,399.0,257.0,23.0,4.0,3.0,1.0,78.0,4.13,67.0,86.82,5.0,22:38,147.0,1298.0,522.0,4.0,23.0,9.0,17.0,543.0,359.0,35.0,8.0,2.0,0.0,69.0,3.5,90.0,89.53,3.0
2022,1,regular,Wests Tigers,Storm,Good,Fine,Chris Sutton,False,Wests Tigers,Storm,True,25:46,175.0,1493.0,498.0,2.0,26.0,13.0,15.0,397.0,277.0,21.0,11.0,7.0,7.0,74.0,3.19,67.0,89.07,3.0,21:29,140.0,1287.0,414.0,5.0,21.0,8.0,17.0,468.0,312.0,26.0,9.0,9.0,8.0,80.0,3.42,38.0,86.91,5.0
2022,1,regular,Wests Tigers,Storm,Good,Fine,Chris Sutton,False,Storm,Wests Tigers,False,21:29,140.0,1287.0,414.0,5.0,21.0,8.0,17.0,468.0,312.0,26.0,9.0,9.0,8.0,80.0,3.42,38.0,86.91,5.0,25:46,175.0,1493.0,498.0,2.0,26.0,13.0,15.0,397.0,277.0,21.0,11.0,7.0,7.0,74.0,3.19,67.0,89.07,3.0
2022,1,regular,Eels,Titans,Good,Fine,Grant Atkins,False,Eels,Titans,True,26:02,171.0,1574.0,499.0,4.0,31.0,10.0,20.0,480.0,7.0,265.0,7.0,8.0,7.0,77.0,3.65,67.0,86.89,5.0,20:57,128.0,1170.0,387.0,5.0,33.0,3.0,14.0,477.0,2.0,294.0,13.0,12.0,8.0,67.0,3.71,86.0,86.98,5.0
2022,1,regular,Eels,Titans,Good,Fine,Grant Atkins,False,Titans,Eels,False,20:57,128.0,1170.0,387.0,5.0,33.0,3.0,14.0,477.0,2.0,294.0,13.0,12.0,8.0,67.0,3.71,86.0,86.98,5.0,26:02,171.0,1574.0,499.0,4.0,31.0,10.0,20.0,480.0,7.0,265.0,7.0,8.0,7.0,77.0,3.65,67.0,86.89,5.0
2022,1,regular,Cowboys,Bulldogs,Good,Fine,Ben Cummins,False,Cowboys,Bulldogs,True,29:28,186.0,1923.0,663.0,2.0,28.0,2.0,17.0,450.0,387.0,19.0,7.0,1.0,0.0,68.0,4.02,67.0,93.25,1.0,29:29,191.0,1831.0,606.0,3.0,19.0,4.0,21.0,629.0,364.0,28.0,8.0,0.0,1.0,76.0,3.43,78.0,92.15,1.0
2022,1,regular,Cowboys,Bulldogs,Good,Fine,Ben Cummins,False,Bulldogs,Cowboys,False,29:29,191.0,1831.0,606.0,3.0,19.0,4.0,21.0,629.0,364.0,28.0,8.0,0.0,1.0,76.0,3.43,78.0,92.15,1.0,29:28,186.0,1923.0,663.0,2.0,28.0,2.0,17.0,450.0,387.0,19.0,7.0,1.0,0.0,68.0,4.02,67.0,93.25,1.0
2023,1,regular,Eels,Storm,,,Ashley Klein,False,Eels,Storm,True,32:08,210.0,1701.0,581.0,3.0,37.0,16.0,26.0,892.0,337.0,30.0,12.0,6.0,0.0,80.0,3.82,82.0,85.53,2.0,29:18,200.0,1949.0,524.0,5.0,30.0,13.0,20.0,616.0,404.0,37.0,11.0,6.0,2.0,79.0,2.98,57.0,85.41,3.0
2023,1,regular,Eels,Storm,,,Ashley Klein,False,Storm,Eels,False,29:18,200.0,1949.0,524.0,5.0,30.0,13.0,20.0,616.0,404.0,37.0,11.0,6.0,2.0,79.0,2.98,57.0,85.41,3.0,32:08,210.0,1701.0,581.0,3.0,37.0,16.0,26.0,892.0,337.0,30.0,12.0,6.0,0.0,80.0,3.82,82.0,85.53,2.0
2023,1,regular,Warriors,Knights,,,Chris Sutton,False,Warriors,Knights,True,25:58,177.0,1665.0,326.0,8.0,31.0,9.0,18.0,402.0,323.0,32.0,8.0,2.0,0.0,87.0,3.21,89.0,88.98,4.0,26:38,181.0,1421.0,339.0,2.0,32.0,4.0,17.0,457.0,325.0,31.0,8.0,1.0,1.0,78.0,3.91,58.0,87.84,2.0
2023,1,regular,Warriors,Knights,,,Chris Sutton,False,Knights,Warriors,False,26:38,181.0,1421.0,339.0,2.0,32.0,4.0,17.0,457.0,325.0,31.0,8.0,1.0,1.0,78.0,3.91,58.0,87.84,2.0,25:58,177.0,1665.0,326.0,8.0,31.0,9.0,18.0,402.0,323.0,32.0,8.0,2.0,0.0,87.0,3.21,89.0,88.98,4.0
2023,1,regular,Panthers,Broncos,,,Gerard Sutton,False,Panthers,Broncos,True,31:52,215.0,2013.0,856.0,2.0,37.0,9.0,21.0,444.0,376.0,33.0,11.0,5.0,0.0,78.0,3.77,40.0,90.6,2.0,27:29,173.0,1660.0,694.0,2.0,33.0,4.0,24.0,689.0,357.0,37.0,12.0,4.0,2.0,76.0,3.21,93.0,87.5,2.0
2023,1,regular,Panthers,Broncos,,,Gerard Sutton,False,Broncos,Panthers,False,27:29,173.0,1660.0,694.0,2.0,33.0,4.0,24.0,689.0,357.0,37.0,12.0,4.0,2.0,76.0,3.21,93.0,87.5,2.0,31:52,215.0,2013.0,856.0,2.0,37.0,9.0,21.0,444.0,376.0,33.0,11.0,5.0,0.0,78.0,3.77,40.0,90.6,2.0
2023,1,regular,Sea Eagles,Bulldogs,,,Grant Atkins,False,Sea Eagles,Bulldogs,True,29:54,174.0,1670.0,584.0,6.0,29.0,6.0,26.0,559.0,281.0,24.0,11.0,4.0,7.0,77.0,3.56,43.0,88.36,5.0,24:32,163.0,1282.0,493.0,1.0,24.0,8.0,21.0,529.0,352.0,29.0,15.0,9.0,8.0,65.0,3.81,48.0,90.96,1.0
2023,1,regular,Sea Eagles,Bulldogs,,,Grant Atkins,False,Bulldogs,Sea Eagles,False,24:32,163.0,1282.0,493.0,1.0,24.0,8.0,21.0,529.0,352.0,29.0,15.0,9.0,8.0,65.0,3.81,48.0,90.96,1.0,29:54,174.0,1670.0,584.0,6.0,29.0,6.0,26.0,559.0,281.0,24.0,11.0,4.0,7.0,77.0,3.56,43.0,88.36,5.0
2023,1,regular,Cowboys,Raiders,,,Adam Gee,False,Cowboys,Raiders,True,28:16,176.0,1815.0,477.0,2.0,39.0,4.0,23.0,456.0,301.0,29.0,5.0,1.0,0.0,87.0,3.66,50.0,87.76,3.0,23:33,146.0,1419.0,520.0,3.0,29.0,8.0,22.0,631.0,338.0,39.0,6.0,1.0,1.0,77.0,3.81,71.0,87.79,3.0
2023,1,regular,Cowboys,Raiders,,,Adam Gee,False,Raiders,Cowboys,False,23:33,146.0,1419.0,520.0,3.0,29.0,8.0,22.0,631.0,338.0,39.0,6.0,1.0,1.0,77.0,3.81,71.0,87.79,3.0,28:16,176.0,1815.0,477.0,2.0,39.0,4.0,23.0,456.0,301.0,29.0,5.0,1.0,0.0,87.0,3.66,50.0,87.76,3.0
2023,1,regular,Sharks,Rabbitohs,,,Todd Smith,False,Sharks,Rabbitohs,True,25:34,167.0,1706.0,582.0,4.0,23.0,6.0,22.0,578.0,355.0,52.0,5.0,1.0,1.0,64.0,3.12,50.0,84.73,3.0,29:16,185.0,1998.0,622.0,6.0,52.0,4.0,21.0,550.0,339.0,23.0,5.0,0.0,0.0,75.0,3.85,33.0,91.37,4.0
2023,1,regular,Sharks,Rabbitohs,,,Todd Smith,False,Rabbitohs,Sharks,False,29:16,185.0,1998.0,622.0,6.0,52.0,4.0,21.0,550.0,339.0,23.0,5.0,0.0,0.0,75.0,3.85,33.0,91.37,4.0,25:34,167.0,1706.0,582.0,4.0,23.0,6.0,22.0,578.0,355.0,52.0,5.0,1.0,1.0,64.0,3.12,50.0,84.73,3.0
2023,1,regular,Dolphins,Roosters,,,Chris Butler,False,Dolphins,Roosters,True,29:44,212.0,1809.0,482.0,5.0,32.0,13.0,18.0,481.0,336.0,33.0,2.0,0.0,0.0,78.0,3.79,67.0,88.89,5.0,24:19,166.0,1435.0,491.0,5.0,33.0,6.0,17.0,474.0,348.0,32.0,7.0,1.0,1.0,68.0,3.81,44.0,86.57,3.0
2023,1,regular,Dolphins,Roosters,,,Chris Butler,False,Roosters,Dolphins,False,24:19,166.0,1435.0,491.0,5.0,33.0,6.0,17.0,474.0,348.0,32.0,7.0,1.0,1.0,68.0,3.81,44.0,86.57,3.0,29:44,212.0,1809.0,482.0,5.0,32.0,13.0,18.0,481.0,336.0,33.0,2.0,0.0,0.0,78.0,3.79,67.0,88.89,5.0
2023,1,regular,Wests Tigers,Titans,,,Peter Gough,False,Wests Tigers,Titans,True,29:14,207.0,1999.0,800.0,6.0,47.0,20.0,15.0,344.0,291.0,33.0,14.0,3.0,0.0,71.0,4.19,50.0,87.92,2.0,22:57,156.0,1711.0,571.0,2.0,33.0,4.0,20.0,571.0,331.0,47.0,9.0,9.0,1.0,75.0,3.64,67.0,80.93,4.0
2023,1,regular,Wests Tigers,Titans,,,Peter Gough,False,Titans,Wests Tigers,False,22:57,156.0,1711.0,571.0,2.0,33.0,4.0,20.0,571.0,331.0,47.0,9.0,9.0,1.0,75.0,3.64,67.0,80.93,4.0,29:14,207.0,1999.0,800.0,6.0,47.0,20.0,15.0,344.0,291.0,33.0,14.0,3.0,0.0,71.0,4.19,50.0,87.92,2.0
2024,1,regular,Sea Eagles,Rabbitohs,Good,,Ashley Klein,False,Sea Eagles,Rabbitohs,True,26:17,208.0,1870.0,485.0,7.0,31.0,8.0,21.0,555.0,330.0,38.0,14.0,1.0,8.0,78.0,3.64,100.0,87.07,6.0,25:45,206.0,1645.0,483.0,5.0,38.0,4.0,21.0,769.0,308.0,31.0,11.0,5.0,8.0,80.0,3.49,50.0,88.0,5.0
2024,1,regular,Sea Eagles,Rabbitohs,Good,,Ashley Klein,False,Rabbitohs,Sea Eagles,False,25:45,206.0,1645.0,483.0,5.0,38.0,4.0,21.0,769.0,308.0,31.0,11.0,5.0,8.0,80.0,3.49,50.0,88.0,5.0,26:17,208.0,1870.0,485.0,7.0,31.0,8.0,21.0,555.0,330.0,38.0,14.0,1.0,8.0,78.0,3.64,100.0,87.07,6.0
2024,1,regular,Roosters,Broncos,Good,,Adam Gee,False,Roosters,Broncos,True,31:14,213.0,1814.0,620.0,4.0,34.0,14.0,25.0,720.0,337.0,31.0,8.0,7.0,8.0,81.0,3.32,77.0,87.76,3.0,27:42,207.0,1783.0,585.0,1.0,31.0,11.0,23.0,584.0,352.0,34.0,15.0,5.0,8.0,77.0,3.33,69.0,86.27,2.0
2024,1,regular,Roosters,Broncos,Good,,Adam Gee,False,Broncos,Roosters,False,27:42,207.0,1783.0,585.0,1.0,31.0,11.0,23.0,584.0,352.0,34.0,15.0,5.0,8.0,77.0,3.33,69.0,86.27,2.0,31:14,213.0,1814.0,620.0,4.0,34.0,14.0,25.0,720.0,337.0,31.0,8.0,7.0,8.0,81.0,3.32,77.0,87.76,3.0
2024,1,regular,Knights,Raiders,Good,,Todd Smith,False,Knights,Raiders,True,25:19,184.0,1625.0,518.0,4.0,27.0,7.0,17.0,494.0,23.0,20.0,1.0,1.0,8.0,68.0,3.45,55.0,90.27,2.0,31:18,213.0,1667.0,573.0,4.0,23.0,10.0,26.0,842.0,27.0,13.0,1.0,1.0,7.0,90.0,3.35,71.0,89.07,5.0
2024,1,regular,Knights,Raiders,Good,,Todd Smith,False,Raiders,Knights,False,31:18,213.0,1667.0,573.0,4.0,23.0,10.0,26.0,842.0,27.0,13.0,1.0,1.0,7.0,90.0,3.35,71.0,89.07,5.0,25:19,184.0,1625.0,518.0,4.0,27.0,7.0,17.0,494.0,23.0,20.0,1.0,1.0,8.0,68.0,3.45,55.0,90.27,2.0
2024,1,regular,Warriors,Sharks,Good,,Peter Gough,False,Warriors,Sharks,True,29:44,234.0,1968.0,542.0,5.0,35.0,9.0,27.0,582.0,338.0,21.0,9.0,8.0,8.0,81.0,3.34,60.0,91.85,2.0,25:04,187.0,1473.0,533.0,4.0,21.0,5.0,17.0,639.0,369.0,35.0,11.0,8.0,8.0,76.0,3.47,94.0,88.49,3.0
2024,1,regular,Warriors,Sharks,Good,,Peter Gough,False,Sharks,Warriors,False,25:04,187.0,1473.0,533.0,4.0,21.0,5.0,17.0,639.0,369.0,35.0,11.0,8.0,8.0,76.0,3.47,94.0,88.49,3.0,29:44,234.0,1968.0,542.0,5.0,35.0,9.0,27.0,582.0,338.0,21.0,9.0,8.0,8.0,81.0,3.34,60.0,91.85,2.0
2024,1,regular,Storm,Panthers,Good,,Gerard Sutton,False,Storm,Panthers,True,33:46,210.0,1657.0,646.0,1.0,29.0,9.0,20.0,636.0,339.0,32.0,16.0,6.0,8.0,68.0,3.56,86.0,84.54,1.0,30:13,258.0,1939.0,587.0,3.0,32.0,23.0,22.0,521.0,344.0,29.0,12.0,9.0,8.0,74.0,3.54,71.0,88.21,0.0
2024,1,regular,Storm,Panthers,Good,,Gerard Sutton,False,Panthers,Storm,False,30:13,258.0,1939.0,587.0,3.0,32.0,23.0,22.0,521.0,344.0,29.0,12.0,9.0,8.0,74.0,3.54,71.0,88.21,0.0,33:46,210.0,1657.0,646.0,1.0,29.0,9.0,20.0,636.0,339.0,32.0,16.0,6.0,8.0,68.0,3.56,86.0,84.54,1.0
2024,1,regular,Eels,Bulldogs,Good,,Grant Atkins,False,Eels,Bulldogs,True,30:13,240.0,1700.0,632.0,4.0,28.0,16.0,25.0,656.0,7.0,265.0,4.0,4.0,1.0,89.0,3.42,71.0,90.75,4.0,20:59,156.0,1190.0,385.0,3.0,23.0,3.0,16.0,564.0,2.0,399.0,25.0,13.0,1.0,72.0,3.55,62.0,88.27,2.0
2024,1,regular,Eels,Bulldogs,Good,,Grant Atkins,False,Bulldogs,Eels,False,20:59,156.0,1190.0,385.0,3.0,23.0,3.0,16.0,564.0,2.0,399.0,25.0,13.0,1.0,72.0,3.55,62.0,88.27,2.0,30:13,240.0,1700.0,632.0,4.0,28.0,16.0,25.0,656.0,7.0,265.0,4.0,4.0,1.0,89.0,3.42,71.0,90.75,4.0
2024,1,regular,Titans,Dragons,Good,,Ziggy Przeklasa-Adamski,False,Titans,Dragons,True,26:23,179.0,1454.0,581.0,1.0,20.0,2.0,23.0,516.0,362.0,41.0,10.0,3.0,8.0,84.0,3.37,60.0,86.4,1.0,29:05,209.0,1714.0,634.0,6.0,41.0,10.0,19.0,502.0,318.0,20.0,15.0,5.0,8.0,78.0,3.46,82.0,93.53,5.0
2024,1,regular,Titans,Dragons,Good,,Ziggy Przeklasa-Adamski,False,Dragons,Titans,False,29:05,209.0,1714.0,634.0,6.0,41.0,10.0,19.0,502.0,318.0,20.0,15.0,5.0,8.0,78.0,3.46,82.0,93.53,5.0,26:23,179.0,1454.0,581.0,1.0,20.0,2.0,23.0,516.0,362.0,41.0,10.0,3.0,8.0,84.0,3.37,60.0,86.4,1.0
2024,1,regular,Dolphins,Cowboys,Good,,Chris Butler,False,Dolphins,Cowboys,True,25:00,185.0,1539.0,517.0,4.0,20.0,6.0,21.0,580.0,384.0,25.0,10.0,5.0,1.0,77.0,3.24,86.0,91.0,3.0,30:37,242.0,2074.0,681.0,7.0,25.0,10.0,23.0,654.0,311.0,20.0,8.0,3.0,0.0,88.0,3.27,50.0,89.88,7.0
2024,1,regular,Dolphins,Cowboys,Good,,Chris Butler,False,Cowboys,Dolphins,False,30:37,242.0,2074.0,681.0,7.0,25.0,10.0,23.0,654.0,311.0,20.0,8.0,3.0,0.0,88.0,3.27,50.0,89.88,7.0,25:00,185.0,1539.0,517.0,4.0,20.0,6.0,21.0,580.0,384.0,25.0,10.0,5.0,1.0,77.0,3.24,86.0,91.0,3.0
